{
	"editionTitle": "My Digital Edition",
	"badge": "alpha",
	"editionHome": "evt.labcd.unipi.it/",
	"showLists": true,
	"availableEditionLevels": [
		{
			"id": "diplomatic",
			"label": "diplomatic"
		},
		{
			"id": "interpretative",
			"label": "interpretative"
		},
		{
			"id": "critical",
			"label": "critical"
		}
	],
	"namedEntitiesLists": {
		"persons": {
			"defaultLabel": "Persons",
			"enabled": true
		},
		"places": {
			"defaultLabel": "Places",
			"enabled": true
		},
		"organizations": {
			"defaultLabel": "Organizations",
			"enabled": true
		},
		"relations": {
			"defaultLabel": "Relations",
			"enabled": true
		},
		"events": {
			"defaultLabel": "Events",
			"enabled": true
		}
	},
	"entitiesSelectItems": [
		{
			"label": "Named Entities",
			"items": [
				{
					"value": "persName",
					"label": "persons",
					"color": "#ffcdd2"
				},
				{
					"value": "persName[type='episcopus']",
					"label": "bishops",
					"color": "rgb(139, 98, 236)"
				},
				{
					"value": "placeName,geogName",
					"label": "places",
					"color": "#A5D6A7"
				},
				{
					"value": "orgName",
					"label": "organizations",
					"color": "#FFB74D"
				}
			]
		},
		{
			"label": "Other",
			"items": [
				{
					"value": "event",
					"label": "events",
					"color": "#fcfc60"
				},
				{
					"value": "rolename",
					"label": "roles"
				},
				{
					"value": "measure",
					"label": "measures"
				}
			]
		}
	],
	"notSignificantVariants": [
		"type=orthographic"
	],
	"defaultEdition": "diplomatic",
	"defaultViewMode": "collation",
	"availableViewModes": [
		{
			"icon": "txt",
			"iconSet": "evt",
			"id": "readingText",
			"label": "Reading Text"
		},
		{
			"icon": "imgTxt",
			"iconSet": "evt",
			"id": "imageText",
			"label": "Image Text"
		},
		{
			"icon": "txtTxt",
			"iconSet": "evt",
			"id": "textText",
			"label": "Text Text"
		},
		{
			"icon": "collation",
			"iconSet": "evt",
			"id": "collation",
			"label": "Collation"
		},
		{
			"icon": "srcTxt",
			"iconSet": "evt",
			"id": "textSources",
			"label": "Text Sources"
		},
		{
			"icon": "versions",
			"iconSet": "evt",
			"id": "textVersions",
			"label": "Text Versions"
		}
	]
}